company_id,cluster_id,cluster_name,distance_from_centroid
ABB,0,High-Quality Growth,0.3379544978954882
ADANIENSOL,0,High-Quality Growth,1.3613915424990348
ADANIENT,0,High-Quality Growth,1.1963258294392438
ADANIGREEN,1,Defensive / Cash Quality,2.3122957123272645
ADANIPORTS,4,Emerging Growth,1.391701196429226
ADANIPOWER,0,High-Quality Growth,1.1596349280078515
AMBUJACEM,0,High-Quality Growth,0.9684528933616169
APOLLOHOSP,0,High-Quality Growth,0.5813651818887445
ASIANPAINT,0,High-Quality Growth,0.4149153341906227
ATGL,0,High-Quality Growth,1.395464160202652
AXISBANK,1,Defensive / Cash Quality,1.0188208680734956
BAJAJ-AUTO,0,High-Quality Growth,0.6349585217157069
BAJAJFINSV,1,Defensive / Cash Quality,0.8581496534048897
BAJAJHLDNG,4,Emerging Growth,2.498866653687222
BAJFINANCE,1,Defensive / Cash Quality,1.3680775438741763
BANKBARODA,1,Defensive / Cash Quality,1.877297585854913
BEL,2,Value Cyclicals,0.7605880330430247
BHARTIARTL,4,Emerging Growth,1.2610045493717563
BHEL,0,High-Quality Growth,2.2426890214077426
BOSCHLTD,0,High-Quality Growth,0.9477690058159134
BPCL,0,High-Quality Growth,0.504444637975967
BRITANNIA,0,High-Quality Growth,1.6992862653698038
CANBK,1,Defensive / Cash Quality,2.8330918159589826
CHOLAFIN,1,Defensive / Cash Quality,0.6508025949282505
CIPLA,3,Distressed / Leveraged,0.0
COALINDIA,4,Emerging Growth,1.15942605320011
DABUR,0,High-Quality Growth,0.8844348404864173
DIVISLAB,0,High-Quality Growth,0.7867875737362137
DLF,0,High-Quality Growth,2.4209320483592602
DMART,0,High-Quality Growth,1.3808847160035007
DRREDDY,0,High-Quality Growth,1.311997704401803
EICHERMOT,0,High-Quality Growth,0.506789388011038
GAIL,0,High-Quality Growth,0.3772994958812097
GODREJCP,0,High-Quality Growth,0.6429290441278563
GRASIM,0,High-Quality Growth,0.3430716109885313
HAL,2,Value Cyclicals,0.7605880330430238
HAVELLS,0,High-Quality Growth,0.9738511727509201
HCLTECH,0,High-Quality Growth,0.5153223776851166
HDFCBANK,1,Defensive / Cash Quality,0.6307094807568353
HDFCLIFE,4,Emerging Growth,1.2390216551243127
HEROMOTOCO,4,Emerging Growth,1.7034331397185327
HINDALCO,4,Emerging Growth,0.6302533761020676
HINDUNILVR,4,Emerging Growth,0.7602840064940966
ICICIBANK,1,Defensive / Cash Quality,1.0301096308685753
ICICIGI,4,Emerging Growth,0.6945054281255306
ICICIPRULI,4,Emerging Growth,2.5478453389872264
INDIGO,4,Emerging Growth,2.458272606250098
INDUSINDBK,1,Defensive / Cash Quality,0.7836799424013581
INFY,0,High-Quality Growth,0.4005561123088417
IOC,0,High-Quality Growth,0.5529240129062525
IRCTC,0,High-Quality Growth,1.4084382315569495
IRFC,1,Defensive / Cash Quality,2.069627017757162
ITC,0,High-Quality Growth,0.8786985509878339
JINDALSTEL,0,High-Quality Growth,1.31972196778567
JIOFIN,4,Emerging Growth,0.5165639376353369
JSWENERGY,0,High-Quality Growth,1.3643107690416327
JSWSTEEL,0,High-Quality Growth,0.6723889149880753
KOTAKBANK,4,Emerging Growth,1.04830009082274
LICI,0,High-Quality Growth,2.1852326470314245
LODHA,0,High-Quality Growth,1.9105457357268667
LT,0,High-Quality Growth,0.31805722704312883
LTIM,0,High-Quality Growth,2.681169832353095
M&M,0,High-Quality Growth,0.8023249559159772
MARUTI,0,High-Quality Growth,0.32690904422919725
MOTHERSON,0,High-Quality Growth,0.6207708815627857
NAUKRI,0,High-Quality Growth,0.9186835689246481
NESTLEIND,0,High-Quality Growth,0.6032845961385066
NHPC,0,High-Quality Growth,1.9992826135763047
NTPC,0,High-Quality Growth,0.49143642633188434
ONGC,0,High-Quality Growth,0.5578919246770871
PFC,1,Defensive / Cash Quality,1.4738444928099832
PIDILITIND,0,High-Quality Growth,0.5056882801977415
PNB,0,High-Quality Growth,1.3007064282153276
POWERGRID,4,Emerging Growth,1.4090644664712473
RECLTD,4,Emerging Growth,2.0070352220795034
RELIANCE,0,High-Quality Growth,0.21074897531360928
SBILIFE,0,High-Quality Growth,1.9587286700489217
SBIN,0,High-Quality Growth,1.4169463581103283
SHREECEM,0,High-Quality Growth,0.25755942227112205
SHRIRAMFIN,1,Defensive / Cash Quality,1.2768863562312451
SIEMENS,0,High-Quality Growth,1.5117868430789874
SUNPHARMA,0,High-Quality Growth,1.1795659009198964
TATACONSUM,0,High-Quality Growth,1.8154291974251728
TATAMOTORS,0,High-Quality Growth,0.5572365466208257
TATAPOWER,0,High-Quality Growth,0.8835257739475393
TATASTEEL,0,High-Quality Growth,0.59155752494828
TCS,0,High-Quality Growth,0.3287610220548278
TECHM,0,High-Quality Growth,0.6043928836065326
TITAN,0,High-Quality Growth,1.5586010867345854
TORNTPHARM,0,High-Quality Growth,0.7207171202878399
TRENT,1,Defensive / Cash Quality,3.3290200053118273
TVSMOTOR,0,High-Quality Growth,1.2392069005640605
