company_id,year,cash_from_operations_cr,free_cash_flow_cr,fcf_cagr_5yr,cfo_pat_ratio,cfo_quality_score,cfo_quality,capex_cr,capex_intensity_pct,capex_intensity_category,fcf_conversion_rate_pct,capital_allocation_pattern,debt_declining,distress_signal
AXISBANK,2024-03,-5555.0,-14556.0,,-0.2234423394071035,0,Review,9001.0,8.229937185125584,Capital intensive,-38.36280736894816,Distress Signal,0,True
BAJAJFINSV,2024-03,-68674.0,-79634.0,,-4.403590894517474,0,Review,10960.0,9.929155115870342,Capital intensive,-194.77082619967717,Distress Signal,0,True
BAJFINANCE,2024-03,-72760.0,-79931.0,,-5.034945678499758,0,Review,7171.0,13.044822818889617,Capital intensive,-496.49667681222434,Distress Signal,0,True
BANKBARODA,2024-03,-6274.0,-7559.0,,-0.3325030473263024,0,Review,1285.0,1.0854965830088108,Asset-light,-17.03283084341693,Distress Signal,0,True
BHEL,2024-03,-3713.0,-2382.0,,-13.166666666666666,0,Review,1331.0,5.570669233666764,Balanced,-335.0210970464135,Distress Signal,0,True
CHOLAFIN,2024-03,-35683.0,-38538.0,,-10.433625730994152,0,Review,2855.0,14.898502322183374,Capital intensive,-715.6545961002786,Distress Signal,0,True
GRASIM,2024-03,-10719.0,-33833.0,,-1.0798911948418295,0,Review,23114.0,17.647238467528897,Capital intensive,-124.40889869461299,Distress Signal,0,True
M&M,2024-03,-5630.0,-11245.0,,-0.4588427057864711,0,Review,5615.0,4.0373028084959515,Balanced,-45.17515667684396,Distress Signal,0,True
PFC,2024-03,-97820.0,-101229.0,,-3.6967612713049394,0,Review,3409.0,3.7253573458058313,Balanced,-301.5190778303994,Distress Signal,0,True
PNB,2024-03,-27939.0,-29445.0,,-3.0511084416293546,0,Review,1506.0,1.3808279466373263,Asset-light,,Distress Signal,0,True
RECLTD,2024-03,-57723.0,-59554.0,,-4.0808059384941675,0,Review,1831.0,3.8533577456489256,Balanced,-124.37399494601425,Distress Signal,0,True
SHRIRAMFIN,2024-03,-31101.0,-31359.0,,-4.203405865657522,0,Review,258.0,0.7090249532813014,Asset-light,-298.0043713769838,Distress Signal,0,True
TVSMOTOR,2024-03,-1253.0,-2254.0,,-0.7043282743114109,0,Review,1001.0,2.557159279601482,Asset-light,-40.98181818181818,Distress Signal,0,True
