company_id,year,id_x,sales,expenses,operating_profit,opm_percentage,other_income,interest,depreciation,profit_before_tax,tax_percentage,net_profit,eps,dividend_payout,id_bs,equity_capital,reserves,borrowings,other_liabilities,total_liabilities,fixed_assets,cwip,investments,other_asset,total_assets,year_dt_bs,id_cf,operating_activity,investing_activity,financing_activity,net_cash_flow,year_dt_cf,net_profit_margin_pct,operating_profit_margin_pct,ebit_margin_pct,return_on_equity_pct,return_on_assets_pct,return_on_capital_employed_pct,debt_to_equity,interest_coverage,asset_turnover,fixed_asset_turnover,working_capital_days,free_cash_flow_cr,capex_cr,cfo_pat_ratio,capex_intensity_pct,fcf_conversion_rate_pct,total_debt_cr,cash_from_operations_cr,net_debt_cr,book_value_per_share,dividend_payout_ratio_pct,market_cap_crore,enterprise_value_crore,pe_ratio,pb_ratio,ev_ebitda,dividend_yield_pct,fcf_yield_pct,pe_computed,pb_computed,ev_ebitda_computed,net_debt_to_ebitda,revenue_cagr_3yr,revenue_cagr_5yr,revenue_cagr_10yr,pat_cagr_3yr,pat_cagr_5yr,pat_cagr_10yr,eps_cagr_3yr,eps_cagr_5yr,eps_cagr_10yr,fcf_cagr_5yr,fcf_cagr_10yr,fcf_positive_3yr,fcf_positive_5yr,debt_declining,cfo_quality_score,capital_allocation_pattern,composite_quality_score,financial_health_score,health_band,id_y,company_name,broad_sector,sub_sector,composite_score,preset
LTIM,2024-03,872,35517,29130,6387.0,18.0,702,222,819,6049,24.0,4585,155.0,42.0,960.0,30.0,19988.0,2071.0,5456.0,27544.0,4981.0,551.0,8744.0,13269.0,27544.0,2024-03-01 00:00:00,809.0,5670.0,-3918.0,-2269.0,-518.0,2024-03-01 00:00:00,12.90931103415266,17.982937748120616,15.67699974660022,22.904386052552702,16.64609352309033,25.207116664403095,0.10345688880007993,31.93243243243243,1.2894641301190821,7.13049588436057,80.29239519103528,1752.0,3918.0,1.2366412213740459,11.031337106174508,27.430718647252235,2071.0,5670.0,-6673.0,667.2666666666667,42.0,1347046.9,1647384.23,64.52,2.38,18.9,4.43,0.13006228662120078,293.7943075245365,67.29178239584374,257.9277015813371,-1.044778456239236,42.13101535214459,30.32798083513346,21.85605589762474,33.24835486418234,24.775129058600996,16.495191642458163,11.772828128939317,12.24383304425547,-6.666549487610296,22.084440373864076,8.046890833884834,1,1,0,100,Reinvestor / Returns,67.57,67.57,Moderate,LTIM,LTIMindtree Ltd,Information Technology,IT Services,59.67,Dividend Champion
EICHERMOT,2024-03,488,16536,12206,4329.0,26.0,1521,51,598,5202,23.0,4001,146.0,35.0,566.0,27.0,18018.0,419.0,4650.0,23115.0,2914.0,555.0,13527.0,6119.0,23115.0,2024-03-01 00:00:00,469.0,3724.0,-2834.0,-844.0,45.0,2024-03-01 00:00:00,24.195694242864054,26.179245283018872,22.562893081761008,22.172346910501524,17.309106640709494,20.206889081455806,0.023219728456636186,114.70588235294117,0.7153796236210254,5.674673987645848,32.4253144654088,890.0,2834.0,0.9307673081729567,17.138364779874212,20.559020559020556,419.0,3724.0,-13108.0,668.3333333333334,35.0,222391.83,234358.89,15.62,13.61,19.29,4.41,0.4001945575069012,55.58406148462884,12.32429093931837,54.13695772695773,-3.027951027951028,23.776441520116,11.036936496739692,6.586411864952746,43.747506025200565,12.675841665377696,19.00991470281268,43.89717190746498,12.505451629050324,20.299134274435904,-0.552520013345259,,1,1,0,50,Reinvestor / Returns,43.53,43.53,Moderate,EICHERMOT,Eicher Motors Ltd,Consumer Discretionary,Two Wheelers,49.2,Dividend Champion
COALINDIA,2024-03,410,142324,819,94352.0,47971.0,34,8396,6735,48813,23.0,37369,61.0,42.0,488.0,6163.0,76567.0,6523.0,147217.0,236470.0,75668.0,18960.0,7110.0,134731.0,236470.0,2024-03-01 00:00:00,397.0,18103.0,-4486.0,-13899.0,-282.0,2024-03-01 00:00:00,26.25628846856468,66.29380849329698,61.561648070599475,45.16982956605826,15.802850255846407,98.16700839187479,0.0788468512027076,11.24178180085755,0.6018691588785047,1.880900777078818,-32.021233242460866,13617.0,4486.0,0.48443897348069254,3.151963126387679,14.432126505002543,6523.0,18103.0,-587.0,134.23657309751746,42.0,454024.84,574785.39,34.27,14.75,25.15,4.38,2.9991751112119767,12.149772271133829,5.488031427535356,6.09192587332542,-0.006221383754451416,16.493956528516662,7.402890725901301,7.261143616999366,43.28908935217686,16.43231987118112,9.476008121750844,42.6823258428825,16.851518569430034,9.777126683205474,9.987217411819094,-5.149953865983692,1,1,0,0,Reinvestor / Returns,71.68,71.68,Strong,COALINDIA,Coal India Ltd,Materials,Mining & Metals,63.79,Dividend Champion
HDFCBANK,2024-03,579,283649,154139,174196.0,-44685.0,-16,124346,3092,76569,15.0,65446,84.0,23.0,667.0,760.0,455636.0,3107503.0,466296.0,4030194.0,12604.0,0.0,1005682.0,3011909.0,4030194.0,2024-03-01 00:00:00,549.0,19069.0,16600.0,-3983.0,31687.0,2024-03-01 00:00:00,23.07288232992184,61.41252040373843,60.32244076305575,14.33974005030719,1.6238920508541275,4.801033923800871,6.808786667718385,1.4007688224792112,0.07038097917866981,22.504681053633767,3275.6989977049097,35669.0,16600.0,0.2913699844146319,5.852303374945795,20.47635996234127,3107503.0,19069.0,2101821.0,600.521052631579,23.0,808359.03,976938.14,49.42,4.4,22.54,4.33,4.412519521183551,12.351542187452251,1.7711790418846791,5.608269650278996,12.065839628923742,30.186956140948773,21.95098428169122,20.887964823195592,27.12356908487252,23.865063572879073,22.263903320427715,13.140240479934251,15.424788082530828,16.654280155455027,,27.621879006195904,0,0,0,0,Asset Monetiser,,,nan,HDFCBANK,HDFC Bank Ltd,Financials,Private Banks,,Dividend Champion
INDIGO,2024-03,1373,68904,4805,52573.0,16331.0,24,2326,6406,8043,-2.0,8167,212.0,0.0,768.0,48.0,867.0,17.0,290.0,1222.0,548.0,15.0,188.0,471.0,1222.0,2024-03-01 00:00:00,644.0,21183.0,-11759.0,-9979.0,-555.0,2024-03-01 00:00:00,11.852722628584697,76.29890862649484,67.00191570881226,892.568306010929,668.3306055646481,4953.540772532189,0.018579234972677595,22.612639724849526,56.38625204582652,125.73722627737226,0.958797747590851,9424.0,11759.0,2.5937308681278317,17.065772669220944,17.92555113841706,17.0,21183.0,-171.0,190.625,0.0,1040632.92,1061542.29,76.23,7.87,24.64,4.27,0.9056027172386589,127.41923839843273,1137.3037377049181,20.19177695775398,-0.0032526201662450307,67.58091776468258,19.313355125806165,20.01227897172877,,120.69250867467933,32.9316579498421,,121.23568222761168,-34.87773528813343,71.56520119992503,,1,1,0,100,Reinvestor / Returns,91.63,91.63,Strong,INDIGO,Interglobe Aviation Ltd,Consumer Discretionary,Airlines,86.78,Dividend Champion
BOSCHLTD,2024-03,332,16727,14632,2095.0,13.0,1566,51,430,3181,22.0,2490,844.0,44.0,411.0,30.0,12034.0,39.0,5252.0,17355.0,1770.0,224.0,5125.0,10236.0,17355.0,2024-03-01 00:00:00,325.0,1253.0,283.0,-1452.0,84.0,2024-03-01 00:00:00,14.886112273569676,12.524660728164047,9.953966640760449,20.639920424403183,14.34745030250648,13.756919771957365,0.003232758620689655,71.7843137254902,0.9638144626908672,9.450282485875706,108.7559036288635,1536.0,283.0,0.5032128514056224,1.6918754110121361,73.31742243436754,39.0,1253.0,-5086.0,4021.3333333333335,44.0,2599556.05,2628370.51,58.43,6.47,16.07,4.23,0.05908701218425355,1043.9984136546184,215.48044181034481,1254.5921288782815,-2.4276849642004774,19.843289373663996,6.717165240230294,,72.86912600423906,9.275930793686072,,72.64984767834024,9.261870727688626,,-8.2232541048765,,1,1,1,50,Asset Monetiser,31.93,31.93,Needs Attention,BOSCHLTD,Bosch Ltd,Consumer Discretionary,Auto Ancillaries,36.63,Dividend Champion
RELIANCE,2024-03,1054,899041,736543,162498.0,18.0,16179,23118,50832,104727,25.0,79020,51.0,10.0,1185.0,6766.0,786715.0,458991.0,502576.0,1755048.0,779985.0,338855.0,225672.0,410536.0,1755048.0,2024-03-01 00:00:00,977.0,158788.0,-113581.0,-16646.0,28561.0,2024-03-01 00:00:00,8.789365557299389,18.07459281612296,12.4205681387167,9.958650553699458,4.502440958879758,8.915648413697072,0.5784524141094746,7.728912535686478,0.5122600635424216,1.1526388327980666,-37.3671501077259,45207.0,113581.0,2.00946595798532,12.633572884885117,27.820034708119483,458991.0,158788.0,233319.0,1172.747561336092,10.0,432472.71,545039.37,58.34,3.25,24.96,4.21,10.453145124463461,5.472952543659833,0.5450322187928885,3.354129712365691,1.4358269024849537,24.46173600944801,9.606097094616972,7.566474743054807,13.714491828409226,14.680632603495592,13.360799426840897,9.354129979287684,11.952664832522043,12.29101807652131,,,1,0,0,100,Reinvestor / Returns,,,nan,RELIANCE,"Reliance Industries Ltd
",Energy,Conglomerates,,Dividend Champion
SUNPHARMA,2024-03,1131,48497,35479,13018.0,28.0,865,238,2557,11088,13.0,9610,40.0,34.0,1321.0,240.0,63427.0,3274.0,18367.0,85308.0,23211.0,5354.0,15026.0,41717.0,85308.0,2024-03-01 00:00:00,1049.0,12135.0,-763.0,-6710.0,4662.0,2024-03-01 00:00:00,19.815658700538176,26.84289749881436,21.570406416891768,15.094161810671148,11.2650630655976,15.627194096293751,0.051423814535002436,58.331932773109244,0.5684929901064378,2.08939726853647,175.7376744953296,11372.0,763.0,1.2627471383975026,1.5732931933934058,87.35596865878014,3274.0,12135.0,-11752.0,265.27916666666664,34.0,1339586.09,1264175.16,37.9,6.71,21.41,3.88,0.8489189373413096,139.3950145681582,21.040509054926414,97.1097833768628,-0.9027500384083577,13.126755589483485,10.78116321985565,11.67163711556578,61.722961970425125,24.536829642931245,9.496531115092143,49.380158218572156,29.45936165164078,10.30542524220699,43.238258609440905,20.356223128400707,0,0,1,100,Reinvestor / Returns,52.03,52.03,Moderate,SUNPHARMA,Sun Pharmaceuticals Industries Ltd,Healthcare,Pharmaceuticals,57.7,Dividend Champion
NESTLEIND,2024-03,937,24394,18581,5813.0,24.0,159,145,538,5289,26.0,3933,41.0,79.0,895.0,96.0,3244.0,345.0,6838.0,10523.0,3460.0,1742.0,464.0,4857.0,10523.0,2024-03-01 00:00:00,869.0,4175.0,-1237.0,-3135.0,-198.0,2024-03-01 00:00:00,16.12281708616873,23.829630236943512,21.624169877838813,117.75449101796407,37.37527321106148,143.14789687924016,0.10329341317365269,41.186206896551724,2.318160220469448,7.050289017341041,-29.641100270558333,2938.0,1237.0,1.0615306381896772,5.070919078461917,50.541888869774645,345.0,4175.0,-119.0,34.791666666666664,79.0,1677775.19,1677279.88,54.96,14.34,15.49,3.85,0.17511285287273798,426.58916603101954,502.3279011976048,288.53945983141233,-0.020471357302597627,18.282008662499027,14.548573711802671,9.487020936359048,22.913427743605965,14.852319512993839,12.745848564103014,23.06098642720351,15.43852585822143,13.073350509641957,4.320098447494725,9.25842033372386,1,1,0,100,Reinvestor / Returns,81.38,81.38,Strong,NESTLEIND,Nestle India Ltd,Consumer Staples,Food Products,66.6,Dividend Champion
CANBK,2024-03,371,110519,72118,46146.0,-7745.0,-7,28646,902,20000,26.0,15401,17.0,19.0,450.0,1814.0,90319.0,1369780.0,73104.0,1535018.0,12331.0,0.0,399207.0,1123480.0,1535018.0,2024-03-01 00:00:00,361.0,15046.0,-1750.0,-3834.0,9462.0,2024-03-01 00:00:00,13.935160470145405,41.753906568101414,40.93775730869805,16.716051794688113,1.0033107103630055,3.0948490094827803,14.867419925542423,1.6106611743349857,0.0719985042520674,8.96269564512205,3468.9713081008695,13296.0,1750.0,0.9769495487306019,1.583438141857961,28.81289819269276,1369780.0,15046.0,970573.0,101.57993384785006,19.0,496415.88,483983.21,36.74,12.61,25.23,3.81,2.6783994097851984,32.23270436984611,5.388035557292175,10.488085857929182,21.032657218393794,16.302939300232524,18.17561078322378,10.817178802179583,73.3401622666352,85.7752850068174,19.14374492187123,61.980590063874175,53.4206382524911,5.449589185476622,-5.337862323751841,-0.4174493905364729,0,0,0,50,Reinvestor / Returns,47.15,47.15,Moderate,CANBK,Canara Bank,Financials,Public Sector Banks,39.6,Dividend Champion
LICI,2024-03,833,845966,813188,32779.0,4.0,14829,128,466,47014,13.0,40916,66.0,15.0,993.0,6325.0,76422.0,0.0,5233300.0,5316047.0,20667.0,403.0,4976133.0,318844.0,5316047.0,2024-03-01 00:00:00,767.0,26122.0,-25269.0,-4427.0,-3574.0,2024-03-01 00:00:00,4.836600998148862,3.87474201090824,3.819657054775251,49.44710986501021,0.7696696436280568,39.05035832114759,0.0,371.9375,0.15913440945875762,40.93317849712101,-2120.3883371199317,853.0,25269.0,0.6384299540522045,2.986999477520373,2.6022758473412853,0.0,26122.0,-4976133.0,130.82529644268774,15.0,183583.67,205478.22,30.67,8.1,12.21,3.77,0.46463827637828564,4.4868430442858545,2.218614209578595,6.268593306690259,-151.8085664602337,6.981735429882496,8.15986061977938,,139.6168760853028,73.17556747076097,,111.25903832908759,,,-48.217288413715806,,1,1,0,50,Reinvestor / Returns,55.51,55.51,Moderate,LICI,Life Insurance Corporation of India,Financials,Life Insurance,56.35,Dividend Champion
SIEMENS,2024-09,1119,22240,19136,3104.0,14.0,925,60,330,3639,25.0,2718,76.0,16.0,1284.0,71.0,15286.0,279.0,9663.0,25299.0,3112.0,103.0,1.0,22082.0,25299.0,2024-09-01 00:00:00,1037.0,1670.0,-502.0,-523.0,644.0,2024-09-01 00:00:00,12.221223021582734,13.956834532374101,12.473021582733814,17.698769290877124,10.743507648523657,17.7411102583781,0.018167610861496385,67.15,0.8790861298865568,7.146529562982005,203.81901978417267,1168.0,502.0,0.6144223693892568,2.2571942446043165,37.628865979381445,279.0,1670.0,278.0,432.59154929577466,16.0,1191331.95,1268446.56,33.32,9.25,30.88,3.69,0.09804152402695152,438.3119757174393,77.57582535651494,408.64902061855673,0.0895618556701031,18.998700727442852,11.193358902067896,7.612937546261267,35.646062247422265,19.85339817550189,16.250067578355253,34.83955155292464,19.643850003755613,16.15461431239702,53.28962129081927,4.698063276304576,1,0,0,50,Reinvestor / Returns,51.7,51.7,Moderate,SIEMENS,Siemens Ltd,Industrials,Capital Goods,54.02,Dividend Champion
TATAMOTORS,2024-03,1157,437928,378389,59538.0,14.0,5673,9986,27270,27955,-14.0,31807,94.0,7.0,1477.0,766.0,84152.0,107262.0,177340.0,369521.0,121285.0,35698.0,22971.0,189566.0,369521.0,2024-03-01 00:00:00,1073.0,67915.0,-22782.0,-37006.0,8128.0,2024-03-01 00:00:00,7.263066074788551,13.595385542828959,7.3683345207431366,37.45613415294755,8.607629877598297,16.79050889790821,1.2631244259167667,6.530242339274985,1.1851234435931923,3.6107350455538607,10.190008403207832,45133.0,22782.0,2.135221806520577,5.2022250232915,75.80536800026874,107262.0,67915.0,84291.0,221.71801566579634,7.0,1504106.64,1588737.42,67.07,0.93,15.35,3.65,3.000651602734764,47.28854151601848,17.71245954921218,26.68442708858208,1.4157512848936813,20.579364569370973,7.7201595386239275,6.521097272673915,,,8.513716630198353,,,6.9519387639527475,,18.653459271547447,1,0,1,100,Reinvestor / Returns,,,nan,TATAMOTORS,Tata Motors Ltd,Consumer Discretionary,Automobiles,,Dividend Champion
BAJAJ-AUTO,2024-03,217,44870,36106,8765.0,20.0,1700,60,365,10040,23.0,7708,276.0,29.0,310.0,279.0,28683.0,1912.0,8470.0,39344.0,3217.0,35.0,28087.0,8005.0,39344.0,2024-03-01 00:00:00,231.0,6558.0,-72.0,-6167.0,319.0,2024-03-01 00:00:00,17.178515712057056,19.534209939826162,18.720748829953198,26.61418410330778,19.59129727531517,27.207358942799765,0.06601754022512257,174.41666666666666,1.1404534363562424,13.947777432390426,-3.782594160909294,6486.0,72.0,0.8508043591074209,0.16046356139959886,73.99885909868796,1912.0,6558.0,-26175.0,1038.0645161290322,29.0,653817.3,679803.97,29.91,9.83,20.14,3.59,0.992020247858232,84.8232096523093,22.575005179200332,77.55892413006275,-2.986309184255562,17.384652616671946,8.127604751021389,8.341820762984753,16.642781522818396,9.358917170384974,8.59316738465321,17.995813862247644,10.177276348465591,8.961311524418347,23.982350488934777,16.322597287586028,1,1,0,50,Reinvestor / Returns,49.37,49.37,Moderate,BAJAJ-AUTO,Bajaj Auto Ltd,Consumer Discretionary,Two Wheelers,53.79,Dividend Champion
TRENT,2024-03,1248,12375,10404,1971.0,16.0,989,368,671,1921,23.0,1477,42.0,8.0,1360.0,36.0,4032.0,1753.0,1341.0,7162.0,2450.0,224.0,1416.0,3072.0,7162.0,2024-03-01 00:00:00,1157.0,1349.0,-508.0,-629.0,211.0,2024-03-01 00:00:00,11.935353535353535,15.927272727272726,10.505050505050505,36.30776794493609,20.622731080703712,22.33293248582718,0.4309242871189774,8.043478260869565,1.7278693102485339,5.051020408163265,51.055757575757575,841.0,508.0,0.913337846987136,4.105050505050505,42.668696093353624,1753.0,1349.0,337.0,113.0,8.0,571322.04,566293.08,8.65,11.82,34.65,3.46,0.14720244295143942,386.81248476641844,140.44297935103245,287.3125722983257,0.17097919837645864,68.36335197744833,36.30691600183056,18.15797703617492,,73.11367578503176,,,69.52182030724354,,,,1,0,1,50,Reinvestor / Returns,,,nan,TRENT,Trent Ltd,Consumer Discretionary,Retail,,Dividend Champion
ICICIGI,2024-03,656,20487,0,17910.0,2577.0,13,112,134,2555,25.0,1919,39.0,28.0,742.0,493.0,11712.0,35.0,51068.0,63308.0,930.0,94.0,48584.0,13700.0,63308.0,2024-03-01 00:00:00,620.0,2407.0,-1921.0,-355.0,131.0,2024-03-01 00:00:00,9.366915605017816,87.42129155073948,86.76721823595452,15.7230643179025,3.0312124849939974,145.22875816993462,0.0028676771814829987,160.02678571428572,0.3236083907247109,22.029032258064515,-665.7548689412798,486.0,1921.0,1.2542991141219386,9.37667789329819,2.7135678391959797,35.0,2407.0,-48549.0,247.56592292089252,28.0,1271789.21,1382030.89,49.0,7.86,36.96,3.46,0.03821387979852416,662.7353882230328,104.20231134780828,77.16532049134561,-2.7107202680067,18.98796206427069,12.911841003362579,16.75593015728085,9.217125634550683,12.839173718198161,13.948119696893514,6.816467042447916,11.139222486886503,12.5092775800282,32.27903093325808,,1,1,0,100,Reinvestor / Returns,60.21,60.21,Moderate,ICICIGI,ICICI Lombard General Insurance Company Ltd,Financials,General Insurance,61.08,Dividend Champion
ICICIBANK,2024-03,643,159516,74108,99560.0,-14152.0,-9,76522,1935,60434,26.0,46081,63.0,16.0,730.0,1405.0,254739.0,1651008.0,456911.0,2364063.0,15714.0,0.0,827163.0,1521186.0,2364063.0,2024-03-01 00:00:00,608.0,157284.0,-144737.0,13765.0,26312.0,2024-03-01 00:00:00,28.888011233982798,62.41380175029464,61.20075729080469,17.99027109750765,1.9492289334082888,5.11888931768417,6.445624336310825,1.3009461331381824,0.06747535915921023,10.151202749140893,2435.2439567190754,12547.0,144737.0,3.4132071786636575,90.7350986734873,12.602450783447166,1651008.0,157284.0,823845.0,364.617793594306,16.0,1319221.86,1598760.1,25.76,6.2,38.28,3.43,0.9510909711578005,28.62832534016189,5.150313339371604,16.058257332261952,8.274859381277622,21.39660074377121,17.25086850260209,12.41864172369489,31.28635844345755,51.94877118224903,14.714696775470282,32.63524026321307,55.18455739153598,13.995881918674137,-7.360467011220518,,0,0,0,100,Growth Funded,50.38,50.38,Moderate,ICICIBANK,ICICI Bank Ltd,Financials,Private Banks,48.11,Dividend Champion
DABUR,2024-03,423,12404,10004,2400.0,19.0,482,124,399,2359,23.0,1811,10.0,53.0,501.0,177.0,9689.0,1365.0,3885.0,15116.0,3815.0,232.0,6933.0,4136.0,15116.0,2024-03-01 00:00:00,409.0,2013.0,-971.0,-1161.0,-119.0,2024-03-01 00:00:00,14.600128990648178,19.348597226701063,16.131892937762014,18.355969997972835,11.980682720296375,17.816757189920754,0.13835394283397526,23.241935483870968,0.8205874569992061,3.251376146788991,7.385923895517575,1042.0,971.0,1.1115405853119824,7.828119961302805,43.416666666666664,1365.0,2013.0,-5568.0,55.740112994350284,53.0,56521.84,67755.32,50.95,13.59,12.02,3.42,1.8435351715372323,31.210292655991164,5.728951956213257,28.231383333333337,-2.32,9.061384362071356,7.814065037783324,5.800570703921659,2.231072252692079,4.604418961155621,7.053851757552976,0.0,4.563955259127317,7.177346253629313,-10.720507575469451,0.4727139402860292,1,1,0,100,Reinvestor / Returns,40.17,40.17,Moderate,DABUR,Dabur India Ltd,Consumer Staples,Personal Products,34.17,Dividend Champion
BAJAJHLDNG,2024-03,256,1702,140,1562.0,92.0,5967,2,34,7493,2.0,7365,653.0,20.0,336.0,111.0,54136.0,63.0,10851.0,65161.0,244.0,0.0,64715.0,203.0,65161.0,2024-03-01 00:00:00,255.0,1941.0,-472.0,-1455.0,14.0,2024-03-01 00:00:00,432.7262044653349,91.7743830787309,89.77673325499413,13.576787656460265,11.302773131167417,2.8134781808138465,0.0011613545449517945,3764.5,0.026119918356071883,6.975409836065574,-2283.5017626321974,1469.0,472.0,0.26354378818737273,27.73207990599295,94.0460947503201,63.0,1941.0,-64652.0,4887.117117117117,20.0,2191568.13,2726439.01,37.73,9.38,27.47,3.37,0.06702962960133939,297.5652586558045,40.39980330709532,1745.4795198463507,-41.390524967989755,55.00574158769729,31.612293448969165,14.937545587928923,26.318822706492305,19.297559063731295,13.992331678744474,25.799750331593962,18.96864732798973,13.81670668377948,25.867547044417382,15.325330806577142,1,0,1,0,Reinvestor / Returns,63.97,63.97,Moderate,BAJAJHLDNG,Bajaj Holdings & Investment Ltd,Financials,Holding Companies,63.17,Dividend Champion
APOLLOHOSP,2024-03,183,19059,16665,2394.0,13.0,105,449,687,1362,33.0,935,63.0,26.0,251.0,72.0,6864.0,5333.0,4474.0,16742.0,9664.0,873.0,986.0,5219.0,16742.0,2024-03-01 00:00:00,162.0,1920.0,-1537.0,-311.0,72.0,2024-03-01 00:00:00,4.905818773282963,12.56099480560365,8.956398551865261,13.480392156862745,5.5847568988173455,13.913114353248023,0.7688869665513264,5.565701559020044,1.1383944570541153,1.9721647350993377,14.267537646256361,383.0,1537.0,2.053475935828877,8.064431502177449,15.998329156223893,5333.0,1920.0,4347.0,481.66666666666663,26.0,1905622.43,2433382.94,47.72,7.68,16.74,3.22,0.0200984200212211,2038.0988556149732,274.74371828143023,1016.4506850459481,1.8157894736842106,21.752736351876713,14.660042602193135,15.90208668517812,89.6838465061924,36.13077689773863,11.493642912195057,84.69147504478333,29.95061094416296,10.60156477390728,14.572241252408503,36.54474327859678,1,1,0,100,Reinvestor / Returns,49.26,49.26,Moderate,APOLLOHOSP,"Apollo Hospitals
Chain of Indian private hospitals",Healthcare,Healthcare,48.38,Dividend Champion
SHREECEM,2024-03,1093,20521,16003,4518.0,22.0,597,258,1897,2959,19.0,1733,480.0,16.0,1224.0,36.0,20667.0,1656.0,5566.0,27925.0,9591.0,1930.0,7556.0,8848.0,27925.0,2024-03-01 00:00:00,1013.0,3347.0,-1418.0,-1710.0,220.0,2024-03-01 00:00:00,8.445007553238145,22.01647093221578,12.772282052531553,8.370767521615225,6.205908683974934,11.722348942260387,0.07998840747717723,19.825581395348838,0.7348612354521038,2.139610051089563,58.3758101457044,1929.0,1418.0,1.93133294864397,6.9099946396374445,42.69588313413015,1656.0,3347.0,-5900.0,5750.833333333333,16.0,3154358.33,2911084.5,25.87,1.21,26.58,3.2,0.06115348347250073,1820.1721465666474,152.3623788822876,644.3303452855246,-1.3058875608676406,14.809971802418321,10.325615915556586,13.636599315164899,-9.486515671324725,11.2926552609119,8.213734016506091,-9.426133758215006,10.67987982673917,7.823463927058194,7.2404589297854205,27.720783972084927,1,0,1,100,Reinvestor / Returns,43.3,43.3,Moderate,SHREECEM,Shree Cement Ltd,Materials,Cement,37.02,Dividend Champion
TITAN,2024-03,1222,51084,45792,5292.0,10.0,534,619,584,4623,24.0,3496,39.0,28.0,1386.0,89.0,9304.0,15528.0,6626.0,31547.0,3709.0,97.0,2345.0,25396.0,31547.0,2024-03-01 00:00:00,1133.0,1695.0,-189.0,-1329.0,177.0,2024-03-01 00:00:00,6.843630099444054,10.359408033826638,9.21619293712317,37.2192057915469,11.081877833074461,18.891697764937202,1.653145959757266,9.411954765751211,1.619298190002219,13.772984631976273,134.11342103202568,1506.0,189.0,0.4848398169336384,0.36997885835095135,28.458049886621318,15528.0,1695.0,13183.0,105.53932584269663,28.0,1793769.72,2116401.21,10.13,10.51,21.0,3.1,0.0839572651499547,513.0920251716248,190.9687767486426,399.9246428571428,2.491118669690098,33.14221885428872,20.897163953120245,16.675157366300255,53.11021124836826,20.274576296793036,16.876825851348286,52.4838939608516,19.50578386760935,17.164882683060824,27.555157291093035,,0,0,0,0,Reinvestor / Returns,55.17,55.17,Moderate,TITAN,"Titan Company Ltd
",Consumer Discretionary,Gems & Jewellery,57.95,Dividend Champion
JIOFIN,2024-03,787,1855,296,1559.0,84.0,429,10,22,1956,18.0,1605,3.0,0.0,1034.0,6353.0,132794.0,0.0,5715.0,144863.0,172.0,3.0,133292.0,11395.0,144863.0,2024-03-01 00:00:00,725.0,-678.0,1441.0,-753.0,11.0,2024-03-01 00:00:00,86.52291105121293,84.04312668463612,82.85714285714286,1.153456416595399,1.1079433671814058,1.104587235082323,0.0,198.8,0.012805202156520298,10.784883720930232,1117.6280323450135,763.0,1441.0,-0.4224299065420561,77.68194070080862,48.94162924951892,0.0,-678.0,-133292.0,219.02565716984103,0.0,1401774.99,1814281.53,34.24,9.91,26.41,3.09,0.054430989669747215,873.3800560747663,10.074058298058887,1163.7469724182167,-85.49839640795382,,,,,,,,,,,,0,0,1,0,Restructuring,,,nan,JIOFIN,Jio Financial Services Ltd,Financials,Diversified Financials,,Dividend Champion
POWERGRID,2024-03,1028,45843,6017,39826.0,87.0,556,8773,13095,18514,16.0,15573,17.0,67.0,1159.0,9301.0,77845.0,123516.0,40168.0,250829.0,177761.0,18197.0,4163.0,50708.0,250829.0,2024-03-01 00:00:00,953.0,37290.0,-13114.0,-25903.0,-1728.0,2024-03-01 00:00:00,33.97028990249329,86.87476823070044,58.309883733612544,17.870011245496066,6.208612241806171,12.689046909266978,1.4173456039290386,4.60298643565485,0.18276594811604718,0.2578912134832725,83.9190279868246,24176.0,13114.0,2.394528992486997,28.606330301245553,60.70406267262592,123516.0,37290.0,119353.0,93.69530158047522,67.0,372584.24,410018.95,64.39,5.1,23.07,3.09,6.488733930345523,23.92501380594619,4.27540265760907,10.29525812283433,2.996861346858836,4.965471644662767,5.510261937513361,11.414137221548938,8.967428329021487,9.189188268434778,13.098067118120916,9.354129979287684,9.096607850144967,13.018071324347936,39.69769001638159,,1,1,1,100,Reinvestor / Returns,50.19,50.19,Moderate,POWERGRID,Power Grid Corporation of India Ltd,Energy,Power Transmission,52.56,Dividend Champion
IRFC,2024-03,758,26645,133,26513.0,100.0,10,20101,9,6412,0.0,6412,5.0,31.0,830.0,13069.0,36110.0,412039.0,23865.0,485082.0,22.0,4.0,54.0,485003.0,485082.0,2024-03-01 00:00:00,699.0,7914.0,-8.0,-8046.0,-140.0,2024-03-01 00:00:00,24.064552448864703,99.50459748545694,99.47082004128355,13.038085361638096,1.3218383695952436,5.746523336036321,8.378352548852153,1.3194865927068304,0.05492885738906,1211.1363636363637,6316.958904109589,7906.0,8.0,1.2342482844666252,0.030024394820791892,29.819333911665975,412039.0,7914.0,411985.0,37.63027010482822,31.0,2618348.58,2449260.08,9.81,3.91,16.66,2.82,0.3019460457018293,408.35130692451656,53.24119197218325,92.37959038962019,15.538980877305473,19.101938730495593,19.06740855567788,15.702681143154496,13.236946449292141,23.245023933940367,24.774991677745327,18.56311014966876,20.11244339814313,-31.1534199107249,,,0,0,1,100,Reinvestor / Returns,,,nan,IRFC,Indian Railway Finance Corporation Ltd,Financials,Speciality Finance,,Dividend Champion
HAL,2024-03,540,30381,20631,9749.0,32.0,1899,43,1406,10199,26.0,7595,114.0,31.0,615.0,5.0,194.0,123.0,127.0,450.0,240.0,9.0,43.0,158.0,450.0,2024-03-01 00:00:00,513.0,8226.0,-6412.0,-1999.0,-185.0,2024-03-01 00:00:00,24.999177117277245,32.08913465652875,27.46124222375827,3816.5829145728644,1687.7777777777776,2590.993788819876,0.6180904522613065,270.8837209302326,67.51333333333334,126.5875,0.3724367203186202,1814.0,6412.0,1.0830809743252139,21.105296073203647,18.607036619140423,123.0,8226.0,80.0,199.0,31.0,2643616.86,3140281.78,71.89,3.65,8.76,2.77,0.06861811283803056,348.0733192890059,13284.506834170854,322.11321981741713,0.008205969843060826,9.909701355201484,8.712548590236358,7.216583450874392,32.85327865470051,26.485270563052985,10.924924675843673,33.420082436097246,26.63896760913802,15.073330286143992,,,0,0,0,100,Reinvestor / Returns,,,nan,HAL,Hindustan Aeronautics Ltd,Industrials,Defence & Aerospace,,Dividend Champion
HAVELLS,2024-03,553,18590,16709,1881.0,10.0,249,84,338,1707,26.0,1271,20.0,44.0,654.0,63.0,7384.0,303.0,4683.0,12433.0,3988.0,299.0,20.0,8126.0,12433.0,2024-03-01 00:00:00,525.0,1953.0,-1618.0,-534.0,-199.0,2024-03-01 00:00:00,6.837009144701453,10.118343195266272,8.300161377084454,17.067275412917954,10.222794176787582,19.90967741935484,0.040687525177924,25.357142857142858,1.4952143489101584,4.66148445336008,67.60059171597632,335.0,1618.0,1.5365853658536586,8.703604088219473,17.809675704412548,303.0,1953.0,283.0,118.2063492063492,44.0,2521508.87,2620805.22,45.41,14.08,30.73,2.6,0.013285695877801929,1983.87794649882,338.5939129850947,1393.304210526316,0.15045188729399256,21.14089015706202,13.037907939063121,8.728389766288359,6.77797587953104,10.033231229420036,11.040413196880138,5.566719197800074,8.997698704834534,11.069085371075271,-13.354873869419738,-3.770557347817216,1,0,0,100,Reinvestor / Returns,33.64,33.64,Needs Attention,HAVELLS,Havells India Ltd,Industrials,Consumer Electricals,35.84,Dividend Champion
DLF,2024-03,449,6427,4303,2124.0,33.0,531,356,148,2151,24.0,2724,11.0,45.0,527.0,495.0,38936.0,4834.0,14804.0,59069.0,3880.0,71.0,20138.0,34981.0,59069.0,2024-03-01 00:00:00,433.0,2539.0,-1529.0,177.0,1186.0,2024-03-01 00:00:00,42.38369379181578,33.04807841916913,30.745293293916294,6.908270142781061,4.611555976908361,4.464023494860499,0.12259389820192235,7.457865168539326,0.10880495691479457,1.6564432989690723,1145.885327524506,1010.0,1529.0,0.9320851688693098,23.79025984129454,47.55178907721281,4834.0,2539.0,-15304.0,159.3171717171717,45.0,1381712.03,1248409.43,46.26,14.32,10.41,2.58,0.07309772065891328,507.2364280469897,35.04126271207933,587.7633851224106,-7.2052730696798495,5.883921200220743,-5.136730668466605,-2.5227009697177505,35.99602527786225,15.697066513836644,16.52939969024585,40.10196653276936,12.888132073019754,10.645376106020565,-13.167331275383065,-15.42205106820541,1,1,0,50,Growth Funded,44.75,44.75,Moderate,DLF,DLF Ltd,Real Estate,Real Estate,35.72,Dividend Champion
ASIANPAINT,2024-03,196,35495,27910,7585.0,21.0,821,205,853,7348,24.0,5558,57.0,58.0,277.0,96.0,18632.0,2474.0,8698.0,29901.0,7147.0,2698.0,4588.0,15468.0,29901.0,2024-03-01 00:00:00,174.0,6104.0,-2548.0,-2982.0,573.0,2024-03-01 00:00:00,15.658543456824905,21.3692069305536,18.96605155655726,29.677488252883382,18.588007090063876,31.75172153570418,0.1321016659547202,41.00487804878049,1.187084044011906,4.966419476703512,69.61684744330188,3556.0,2548.0,1.0982367758186398,7.17847584166784,46.88200395517469,2474.0,6104.0,-2114.0,195.08333333333334,58.0,2126725.18,2475080.63,73.37,3.9,23.94,2.42,0.16720543083991699,382.6421698452681,113.55858500640753,326.3125418589321,-0.2787079762689519,17.801037676951047,13.029660349453076,11.25245350301849,20.117567163333238,20.277362101955056,15.971565352132288,19.983162620797668,20.973552688431262,15.929283130870008,18.035870453634505,15.858302024657789,1,1,0,100,Reinvestor / Returns,79.77,79.77,Strong,ASIANPAINT,"Asian Paints
Indian Multi-National Paint and Coating Manufacturing Company",Materials,Paints & Coatings,56.25,Dividend Champion
MOTHERSON,2024-03,911,98692,89370,9322.0,9.0,140,1811,3810,3840,21.0,3020,4.0,20.0,921.0,678.0,25477.0,19922.0,38101.0,84178.0,30122.0,2498.0,6521.0,45037.0,84178.0,2024-03-01 00:00:00,845.0,7569.0,-6644.0,1281.0,2205.0,2024-03-01 00:00:00,3.0600251286831757,9.445547764763102,5.585052486523731,11.546549416937488,3.58763572429851,11.962584369642121,0.7616899254444657,5.224737713970182,1.1724203473591674,3.2764092689728437,25.65192720787906,925.0,6644.0,2.5062913907284767,6.732055283102987,9.922763355503111,19922.0,7569.0,13401.0,38.57669616519174,20.0,146151.16,161406.34,9.54,2.38,33.39,2.18,0.6329063689949501,48.394423841059606,5.587886063850124,17.31456125295001,1.437567045698348,19.82084189180693,9.21195713294276,12.491793471295164,24.392634688314452,7.557399109099472,10.657290360127636,25.99210498948732,5.922384104881218,7.177346253629313,-1.4285671285633073,-3.515358201873675,1,1,0,100,Growth Funded,28.32,28.32,Needs Attention,MOTHERSON,Samvardhana Motherson International Ltd,Consumer Discretionary,Auto Ancillaries,31.96,Dividend Champion
